node_id,dist_name,prov_name,events,fatalities,degree,betweenness,bridge_risk,bridge_flag
94,Chaghcharan,Ghor,532,1399,8,0.1691865344707456,0.19226904806395187,TRUE
212,Puli Alam,Logar,935,1748,8,0.0755477042911992,0.1508915194244161,TRUE
211,Muhammad Agha,Logar,476,598,9,0.128870063921116,0.13103609607945405,TRUE
163,Shah Wali Kot,Kandahar,751,2353,9,0.067352769610430685,0.10805064038884941,TRUE
318,Nirkh,Wardak,302,668,7,0.14167035954395335,0.09139404269589844,TRUE
262,Gardez,Paktya,730,984,7,0.049409665614941534,0.07704894988856441,TRUE
86,Jaghatu,Ghazni,538,1667,7,0.061327874411085996,0.07048101299095313,TRUE
92,Qarabagh,Ghazni,582,1927,7,0.04521315503324478,0.05621079757292333,TRUE
270,Zurmat,Paktya,418,970,10,0.058628312600809335,0.05234987219232693,TRUE
108,Nahri Sarraj,Hilmand,1727,3752,7,0.012912503026597839,0.047635938186283006,TRUE
52,Day Kundi,Daykundi,112,191,8,0.1789147044067427,0.04280514840403584,TRUE
207,Qarghayi,Laghman,161,163,8,0.11517968137806635,0.03961263187181661,TRUE
284,Dara-i-Suf,Samangan,154,598,10,0.11824271325999583,0.038897980717475016,TRUE
21,Andarab,Baghlan,192,535,7,0.09217722216077741,0.03780565736678481,TRUE
230,Sherzad,Nangarhar,292,1286,6,0.06060514099773713,0.037802825933814434,TRUE
201,Kunduz,Kunduz,915,3232,6,0.01924164202803433,0.03760929339654579,TRUE
58,Bala Buluk,Farah,503,2006,7,0.03464327594063567,0.037223644107061964,TRUE
128,Shindand,Hirat,601,1681,7,0.02708851468395334,0.034776959823674694,TRUE
319,Sayid Abad,Wardak,745,1004,7,0.021705971126686804,0.03454358781391529,TRUE
203,Alingar,Laghman,238,656,8,0.06281008402793002,0.03193289409121582,TRUE
59,Farah City,Farah,770,2574,7,0.01814229488432499,0.029841104670420858,TRUE
220,Hisarak,Nangarhar,153,614,6,0.08969023045465907,0.029313556971050016,TRUE
312,Chak,Wardak,295,426,5,0.04648753056625432,0.029294793570671974,TRUE
291,Sar-i-Pul City,Sari Pul,265,975,8,0.05168532260591166,0.029258028219219905,TRUE
221,Jalal abad,Nangarhar,1176,2437,5,0.011479079285445514,0.028836750935799807,TRUE
152,Surobi,Kabul,208,211,10,0.059089698407629704,0.026254699836182168,TRUE
107,Nad Ali,Hilmand,1357,3279,8,0.008733651004274935,0.025316731192031757,TRUE
229,Rodat,Nangarhar,311,1864,9,0.03456141872485275,0.022960635270224728,TRUE
81,Andar,Ghazni,804,2812,6,0.013096359024022505,0.022492543559946128,TRUE
3,Fayzabad,Badakhshan,486,1164,7,0.02142901339443776,0.02224694569591887,TRUE
32,Tala Wa Barfak,Baghlan,76,258,8,0.13543427382224055,0.021987412536357605,TRUE
306,Chora,Uruzgan,270,1491,7,0.03727416394478421,0.02149827551493634,TRUE
232,Surkh Rod,Nangarhar,301,417,6,0.031223419261001275,0.020076079437529287,TRUE
313,Daymirdad,Wardak,93,265,6,0.09716892497304375,0.019303777166555916,FALSE
267,Sayid Karam,Paktya,295,869,6,0.030584805504386216,0.019273460059858333,FALSE
271,Hisa-I-Awali Panjsher,Panjshir,102,169,7,0.08470015609463825,0.018455096975079983,FALSE
53,Gizab,Daykundi,172,950,7,0.049993053522161664,0.018368346353756136,FALSE
29,Khost Wa Firing,Baghlan,129,257,8,0.0659024035932525,0.018160295623009932,FALSE
161,Panjwayi,Kandahar,457,3303,8,0.01844234871246252,0.01800380824579248,FALSE
138,Shibirghan,Jawzjan,286,1446,8,0.029180822712917654,0.017827708089167834,FALSE
236,Khash Rod,Nimroz,447,792,7,0.017028735678595645,0.016260049997495106,FALSE
19,Qadis,Badghis,505,1462,6,0.0150138971865546,0.016196335514757503,FALSE
264,Jaji,Paktya,160,465,7,0.04371133110810076,0.014939840597103198,FALSE
253,Sharan,Paktika,326,701,8,0.021204785964930074,0.014766699678171362,FALSE
63,Purchaman,Farah,64,241,9,0.10746799940648631,0.014692343973253552,FALSE
105,Lashkargah,Hilmand,1161,4355,6,0.005823640797249355,0.014443044478272717,FALSE
126,Obe,Hirat,142,452,8,0.047377660182769545,0.01437122874853435,FALSE
276,Ghorband,Parwan,100,209,9,0.06623951504031014,0.014149760640500369,FALSE
77,Qaysar,Faryab,486,2087,7,0.013251640862854274,0.013757447868984054,FALSE
160,Maywand,Kandahar,732,3177,7,0.008728098941252987,0.0136478013008414,FALSE
213,Achin,Nangarhar,486,3450,6,0.01306673558213364,0.013565484867078034,FALSE
274,Bagram,Parwan,286,215,7,0.02206989562794687,0.013483364080727743,FALSE
26,Doshi,Baghlan,112,209,6,0.056204801574503804,0.013446937636531979,FALSE
115,Chishti Sharif,Hirat,82,398,7,0.07492322158342714,0.013123879816510127,FALSE
322,Daychopan,Zabul,108,538,7,0.05578910760310195,0.01287078747371066,FALSE
91,Nawur,Ghazni,25,40,10,0.23583460960028846,0.012594458438287154,FALSE
144,Kabul City,Kabul,1985,3687,5,0.002950750117042043,0.012511946919255034,FALSE
198,Dashti Archi,Kunduz,253,1577,5,0.021565652364782445,0.011655074945000735,FALSE
273,Panjsher,Panjshir,323,457,8,0.015940860740629496,0.010998823661377973,FALSE
315,Jalrez,Wardak,186,602,6,0.02759240544361708,0.010963127282114338,FALSE
197,Char Dara,Kunduz,230,872,6,0.02100878222785309,0.010321924176086072,FALSE
95,Lal Wa Sarjangal,Ghor,70,321,5,0.06830490554494227,0.010213671468025227,FALSE
31,Puli Khumri,Baghlan,853,2515,5,0.005494456077818545,0.01001165063979396,FALSE
103,Garmser,Hilmand,267,1054,8,0.017506064335082686,0.009984624362977812,FALSE
265,Jani Khel,Paktya,108,426,11,0.04290054614638961,0.009897340819368054,FALSE
223,Khogyani,Nangarhar,646,2558,4,0.007070100898128028,0.009756410812681048,FALSE
263,Jadran,Paktya,95,69,10,0.04806625105467494,0.009754293182115832,FALSE
69,Bilchiragh,Faryab,277,1377,6,0.016203926590248014,0.009588087422740817,FALSE
209,Charkh,Logar,294,658,7,0.015121593283774354,0.009496789952255747,FALSE
184,Asad abad,Kunar,502,1135,7,0.008237638465955066,0.008833613509637786,FALSE
158,Khakrez,Kandahar,341,1184,6,0.012110430465508998,0.008821570485911357,FALSE
324,Qalat,Zabul,601,1650,6,0.006833275973268366,0.00877274249839947,FALSE
5,Jurm,Badakhshan,160,581,6,0.025590202350385713,0.008746325821487653,FALSE
83,Gelan,Ghazni,237,703,6,0.017117793160108318,0.008666187268359316,FALSE
114,Adraskan,Hirat,117,246,8,0.03404063354402532,0.008507764212869277,FALSE
157,Kandahar City,Kandahar,1168,2786,4,0.0033351546833094714,0.008321292212500681,FALSE
320,Arghandab,Zabul,271,600,6,0.014146620060103596,0.008189434801840544,FALSE
242,Wama,Nuristan,76,165,7,0.04972756098820888,0.008073144020469361,FALSE
303,Taluqan,Takhar,566,1775,7,0.0066477808090392235,0.008037575616993026,FALSE
257,Zarghun Shahr,Paktika,202,283,7,0.018304832224017343,0.007898580909612957,FALSE
141,Dih Sabz,Kabul,158,228,8,0.022473035183306254,0.007584915865627749,FALSE
328,Tarnak Wa Jaldak,Zabul,229,552,6,0.015085955159056537,0.007379726113413078,FALSE
30,Nahrin,Baghlan,171,373,6,0.01966499964864835,0.007183266887315027,FALSE
151,Shakar Dara,Kabul,118,130,7,0.027951602758595134,0.007045643619339677,FALSE
170,Nijrab,Kapisa,307,734,7,0.010652830146942426,0.0069861085133010705,FALSE
199,Hazrati Imam,Kunduz,424,1967,3,0.007673940179247321,0.006950502680351824,FALSE
20,Qala-I-Naw,Badghis,393,1399,6,0.008194089353017226,0.006878998186507359,FALSE
292,Sayyad,Sari Pul,156,680,5,0.02046800024063951,0.006820747317803721,FALSE
214,Bati Kot,Nangarhar,290,493,6,0.010824614317162034,0.006705673107797726,FALSE
96,Pasaband,Ghor,27,69,7,0.1156842269741328,0.006672212387932972,FALSE
289,Kohistanat,Sari Pul,20,73,9,0.1529587255930784,0.006534858697866165,FALSE
8,Kuran Wa Munjan,Badakhshan,46,226,7,0.06633242367104795,0.006518019370402527,FALSE
205,Dawlat Shah,Laghman,116,178,7,0.02535686158441024,0.006283265891705533,FALSE
87,Jaghuri,Ghazni,41,287,7,0.0703173532315165,0.006158547866217501,FALSE
22,Baghlan City,Baghlan,301,1147,5,0.00954411909808076,0.006136691551063816,FALSE
316,Markazi Bihsud,Wardak,21,5,7,0.1346383136421628,0.006039763139611639,FALSE
202,Qala-I-Zal,Kunduz,125,628,4,0.02241093528100951,0.0059841427311751166,FALSE
82,Dihyak,Ghazni,480,1645,7,0.005632997408503216,0.005775807867219399,FALSE
204,Alishing,Laghman,438,1181,5,0.006132714591268558,0.005737977134748653,FALSE
301,Khwaja Ghar,Takhar,142,448,5,0.017989862990566305,0.005456927066361246,FALSE
171,Tagab,Kapisa,441,859,5,0.00567771950517756,0.00534865359786726,FALSE
251,Sar Hawza,Paktika,131,216,8,0.01891394653379345,0.005292799004270624,FALSE
27,Kahmard,Baghlan,35,28,6,0.06943683126662717,0.0051914644832602806,FALSE
40,Khulm,Balkh,32,105,9,0.07579631523328592,0.0051811959907266175,FALSE
73,Kohistan,Faryab,91,379,6,0.026577936638503608,0.005166478223567315,FALSE
305,Yangi Qala,Takhar,323,1030,4,0.007348535550862453,0.005070318849677838,FALSE
155,Daman,Kandahar,77,139,8,0.03074006245129347,0.005056236970202088,FALSE
178,Nadir Shah Kot,Khost,161,113,8,0.014197927491842417,0.004882955642419404,FALSE
175,Khost (Matun),Khost,532,576,6,0.004276712887621197,0.004860194804025284,FALSE
287,Royi Du Ab,Samangan,35,121,6,0.06269289842430845,0.004687252421883896,FALSE
317,Maydan Shahr,Wardak,457,978,5,0.004610956471352931,0.004501312573264401,FALSE
18,Murghab,Badghis,362,1133,5,0.0058045279634727975,0.00448856405691651,FALSE
90,Nawa,Ghazni,118,617,7,0.017506600632428367,0.00441281561230932,FALSE
24,Burka,Baghlan,69,297,7,0.029208873499628123,0.00430522494253387,FALSE
16,Jawand,Badghis,83,366,6,0.024200253469942236,0.004290717842356048,FALSE
85,Giro,Ghazni,164,556,5,0.012047484339631072,0.004220580301356918,FALSE
169,Mahmud Raqi,Kapisa,222,618,7,0.008796291544734047,0.0041714259527713465,FALSE
7,Kishim,Badakhshan,97,358,6,0.019345482105526838,0.0040085124848612715,FALSE
47,Bamyan City,Bamyan,58,35,5,0.03220897906774306,0.003990588088145578,FALSE
28,Khinjan,Baghlan,31,42,6,0.059414724308568874,0.003934483508258576,FALSE
130,Aqcha,Jawzjan,179,542,6,0.010187132006926952,0.0038952641511343046,FALSE
45,Sholgara,Balkh,188,764,6,0.009564836823843263,0.0038412039233088184,FALSE
131,Darzab,Jawzjan,267,1755,6,0.006730777916972332,0.00383891478319976,FALSE
149,Paghman,Kabul,174,199,6,0.01023726051117553,0.003805090167423566,FALSE
283,Aybak,Samangan,155,297,5,0.011186173732768779,0.0037037802147763723,FALSE
325,Shahjoy,Zabul,376,1396,5,0.004536991132806187,0.003644078505533745,FALSE
1,Baharak,Badakhshan,283,1096,5,0.006012599848433821,0.0036348013964897937,FALSE
196,Ali abad,Kunduz,134,353,6,0.012455753357004733,0.0035653875813941487,FALSE
326,Shamul zayi,Zabul,240,852,4,0.006876108101039158,0.0035252172498678623,FALSE
112,Sangin,Hilmand,573,2031,5,0.0028576052290180064,0.003497750304090582,FALSE
240,Mandol,Nuristan,40,29,6,0.04085311103795094,0.00349073656263944,FALSE
304,Warsaj,Takhar,43,63,6,0.03683450538045812,0.003383414819308948,FALSE
255,Wazakhwa,Paktika,80,246,6,0.019182421090083435,0.003278123842117983,FALSE
261,Dand Wa Patan,Paktya,141,337,5,0.01084939311153748,0.0032678078167787316,FALSE
200,Khan Abad,Kunduz,340,1266,6,0.0043955346479015245,0.003192438751970682,FALSE
98,Shahrak,Ghor,150,677,6,0.00989640028015086,0.0031710308057395723,FALSE
44,Nahri Shahi,Balkh,78,135,8,0.018567855742983905,0.0030937720042836705,FALSE
153,Arghandab,Kandahar,433,2218,4,0.003323428824507573,0.003074016736824005,FALSE
93,Zana Khan,Ghazni,39,223,6,0.036477679496535784,0.0030389514322421963,FALSE
224,Kuz Kunar,Nangarhar,42,110,7,0.03297885402816766,0.0029588081068119385,FALSE
79,Ab Band,Ghazni,157,633,5,0.00881015536910309,0.002954712088034264,FALSE
84,Ghazni,Ghazni,1367,4352,4,0.0010011256192754866,0.002923405360893539,FALSE
51,Yakawlang,Bamyan,8,3,8,0.1692558060284931,0.0028924476767206997,FALSE
189,Dara-i-Pech,Kunar,267,955,5,0.00502705368665164,0.0028671917201372674,FALSE
25,Dahana-I-Ghori,Baghlan,95,680,5,0.0141075422983297,0.002862904858140048,FALSE
154,Arghistan,Kandahar,172,510,5,0.0076408393126638175,0.0028073816868615297,FALSE
106,Musa Qala,Hilmand,90,526,6,0.014533862444501045,0.002794187233735762,FALSE
89,Muqur,Ghazni,300,1089,5,0.0043544095194292705,0.0027905028770128476,FALSE
33,Balkh,Balkh,955,2541,5,0.001345393543034298,0.0027446353952156697,FALSE
299,Ishkamish,Takhar,141,412,6,0.008927329121957114,0.0026888873495297064,FALSE
127,Pashtun Zarghun,Hirat,183,671,5,0.0068049673662927655,0.002660168127646736,FALSE
272,Hisa-I-Duwum Panjsher,Panjshir,118,165,6,0.010480568624319198,0.002641793105487649,FALSE
180,Sabari,Khost,255,283,5,0.0048381363693646776,0.002635422412194902,FALSE
247,Gomal,Paktika,63,379,7,0.019447275102747352,0.0026171659200285376,FALSE
241,Nuristan,Nuristan,67,97,5,0.018037616102800285,0.0025815818043118475,FALSE
308,Khas Uruzgan,Uruzgan,282,1438,5,0.004066655105365579,0.002449731004276159,FALSE
298,Farkhar,Takhar,56,110,7,0.02008132035238643,0.0024022170248195977,FALSE
239,Kamdesh,Nuristan,116,303,5,0.009644602628427009,0.0023898699976146283,FALSE
259,Azro,Paktya,71,349,5,0.014978929407582749,0.0022718051091388455,FALSE
41,Kishindih,Balkh,128,526,6,0.00793231158478818,0.002168910763210836,FALSE
195,Sirkanay,Kunar,321,122,5,0.0031068590516667716,0.0021303871441829556,FALSE
243,Waygal,Nuristan,49,174,6,0.019059895890249624,0.001995025969207742,FALSE
323,Mizan,Zabul,237,501,5,0.0037475363083432998,0.001897256915030598,FALSE
187,Chawkay,Kunar,109,405,6,0.008130700771897795,0.001893156101220573,FALSE
104,Kajaki,Hilmand,97,329,6,0.008895787368921897,0.0018432662745999592,FALSE
49,Shibar,Bamyan,10,17,7,0.08575505304433687,0.001831857424608792,FALSE
302,Rustaq,Takhar,51,168,7,0.01672981574946519,0.001822608046239157,FALSE
194,Nurgal,Kunar,46,112,6,0.01690377696590135,0.0016610149245126836,FALSE
139,Bagrami,Kabul,186,243,6,0.0041242452982572335,0.0016386619948684145,FALSE
309,Nesh,Uruzgan,178,537,6,0.00428074761854461,0.0016276895497759668,FALSE
266,Lija Mangal,Paktya,166,161,4,0.004533493444865652,0.0016075816095273046,FALSE
54,Kijran,Daykundi,73,250,5,0.010281539071026767,0.0016032931589427752,FALSE
60,Gulistan,Farah,29,50,6,0.025185736914781945,0.001560215577027599,FALSE
206,Mihtarlam,Laghman,468,980,4,0.0015549537100541444,0.0015545162530488676,FALSE
72,Khwaja Sabz Posh,Faryab,674,2070,5,0.0010762806204486076,0.0015495920017693677,FALSE
132,Fayz abad,Jawzjan,133,377,5,0.005446561927890136,0.001547412269499901,FALSE
185,Bar Kunar,Kunar,225,299,5,0.003188460967234742,0.0015324826700287984,FALSE
37,Dawlat abad,Balkh,162,724,6,0.0042936955646413555,0.001485861097182354,FALSE
74,Maymana,Faryab,274,937,5,0.002432586172794619,0.0014238057607830815,FALSE
281,Shinwari,Parwan,91,130,6,0.007192244179753905,0.0013980984844190456,FALSE
88,Malistan,Ghazni,26,230,5,0.02493186142578655,0.0013847137397277594,FALSE
288,Balkhab,Sari Pul,38,221,5,0.016748167034556515,0.0013595113239206755,FALSE
46,Shortepa,Balkh,86,141,5,0.007341022412276181,0.001348611784631242,FALSE
17,Muqur,Badghis,194,576,4,0.003237761389912613,0.0013417713638429942,FALSE
314,Hisa-i-Awali Bihsud,Wardak,29,54,6,0.021146652419195354,0.001310000839683694,FALSE
122,Karukh,Hirat,43,204,7,0.014215625794482458,0.0013057691010646684,FALSE
279,Salang,Parwan,72,244,6,0.008441224014461443,0.0012982844976483683,FALSE
116,Farsi,Hirat,37,166,6,0.01551834607329294,0.0012265326288359677,FALSE
307,Dihrawud,Uruzgan,471,2035,5,0.001190365318697596,0.0011976588319885474,FALSE
78,Shirin Tagab,Faryab,342,941,5,0.0016370796000945973,0.0011959908358367783,FALSE
286,Khuram Wa Sarbagh,Samangan,18,29,7,0.03105000711136506,0.0011938950682831974,FALSE
233,Chakhansur,Nimroz,35,61,8,0.015909203232807423,0.0011894561147663557,FALSE
36,Chimtal,Balkh,35,115,8,0.015582034575446857,0.0011649952568363415,FALSE
121,Injil,Hirat,87,218,6,0.006174703235264951,0.0011475385696015279,FALSE
254,Urgun,Paktika,88,262,7,0.005852023766146171,0.001100070965838522,FALSE
244,Burmul,Paktika,144,522,4,0.0035392616315480328,0.001088697208245727,FALSE
219,Goshta,Nangarhar,22,10,7,0.022985740844811416,0.0010802222932664893,FALSE
177,Musa Khel,Khost,136,279,5,0.003482198038065953,0.0010116361124865904,FALSE
56,Anar Dara,Farah,78,295,4,0.005978507482500307,9.961375902949317e-4,FALSE
48,Panjab,Bamyan,6,2,6,0.07696242904822512,9.86420219424462e-4,FALSE
34,Char Bolak,Balkh,402,1215,5,0.0011466965526081066,9.84705829775577e-4,FALSE
55,Shahristan,Daykundi,9,1,5,0.05120258243850848,9.843880298875016e-4,FALSE
146,Khaki Jabar,Kabul,37,70,5,0.01225047755558051,9.682481863580324e-4,FALSE
327,Shinkay,Zabul,22,17,8,0.020538175598179734,9.651981762938728e-4,FALSE
165,Spin Boldak,Kandahar,287,1282,4,0.0015617692565209158,9.574822140165589e-4,FALSE
278,Kohi Safi,Parwan,30,29,6,0.01443319758993544,9.249446846811201e-4,FALSE
64,Pusht Rod,Farah,289,1053,4,0.0014553605862819624,8.984634225468148e-4,FALSE
76,Qaram Qol,Faryab,54,229,5,0.007579192253313268,8.742761526926214e-4,FALSE
181,Spera,Khost,46,46,7,0.008818290528723668,8.665112067229542e-4,FALSE
67,Almar,Faryab,284,749,5,0.0014249425403344582,8.644654515087977e-4,FALSE
166,Alasay,Kapisa,53,56,5,0.007477757979254906,8.46601870483489e-4,FALSE
75,Pashtun Kot,Faryab,65,141,6,0.005909914019663279,8.205904689464315e-4,FALSE
260,Chamkani,Paktya,92,149,4,0.004145333415662472,8.146653477960576e-4,FALSE
13,Zebak,Badakhshan,21,178,6,0.01783452702701064,8.000420982427873e-4,FALSE
113,Washer,Hilmand,155,349,5,0.002407981803053161,7.972909748007562e-4,FALSE
172,Bak,Khost,77,82,5,0.004827204472480044,7.939961005333434e-4,FALSE
296,Chal,Takhar,55,125,6,0.006756908679918123,7.938577484724624e-4,FALSE
117,Ghoryan,Hirat,125,302,3,0.0029556981419985866,7.892271933414779e-4,FALSE
245,Dila,Paktika,52,282,6,0.006608675395544847,7.34090685434895e-4,FALSE
109,Naw Zad,Hilmand,41,125,5,0.008236298012192467,7.213530262083989e-4,FALSE
80,Ajristan,Ghazni,31,202,5,0.010812497572872467,7.160109531538665e-4,FALSE
129,Zinda Jan,Hirat,35,61,7,0.009399775198432552,7.027768722036586e-4,FALSE
290,Sangcharak,Sari Pul,102,276,5,0.0029896817527203566,6.514139904232596e-4,FALSE
228,Pachir Wa Agam,Nangarhar,205,758,4,0.0014174435238489603,6.207140476791498e-4,FALSE
137,Qarqin,Jawzjan,58,255,5,0.004752544519535714,5.888248586877583e-4,FALSE
101,Bughran,Hilmand,12,50,6,0.02218501388777288,5.686864756672161e-4,FALSE
39,Kaldar,Balkh,49,185,3,0.005394121083567887,5.646102006398733e-4,FALSE
140,Chahar Asyab,Kabul,44,40,6,0.005894601383282165,5.540373805770297e-4,FALSE
210,Khushi,Logar,47,125,5,0.005253084858962774,5.274049767221783e-4,FALSE
238,Bargi Matal,Nuristan,33,163,4,0.007380248072401594,5.202557023158661e-4,FALSE
136,Mingajik,Jawzjan,48,218,6,0.005023663296585384,5.151025623920742e-4,FALSE
168,Kohistan,Kapisa,152,197,6,0.0015769479765073747,5.120270479443162e-4,FALSE
111,Reg,Hilmand,28,149,7,0.008539824821493899,5.107859497080259e-4,FALSE
61,Khaki Safed,Farah,63,444,5,0.003762548019013195,5.063543553431342e-4,FALSE
9,Ragh,Badakhshan,107,361,4,0.002179745163095981,4.982203350533288e-4,FALSE
70,Dawlat abad,Faryab,197,798,4,0.0011788286749557036,4.960767428016715e-4,FALSE
38,Dihdadi,Balkh,39,199,7,0.005902082574197377,4.91701844514868e-4,FALSE
35,Charkint,Balkh,38,163,5,0.005995954625523632,4.867140502178412e-4,FALSE
23,Baghlani Jadid,Baghlan,9,41,7,0.025251009581891526,4.8545972470900823e-4,FALSE
124,Kushk,Hirat,119,224,5,0.0018834314425458512,4.787719815510697e-4,FALSE
282,Surkhi Parsa,Parwan,5,0,7,0.0436896985788867,4.666389669147262e-4,FALSE
135,Mardyan,Jawzjan,35,141,7,0.005748870025053263,4.2981590619167303e-4,FALSE
186,Chapa Dara,Kunar,4,1,8,0.04771064613430029,4.076685781247847e-4,FALSE
231,Shinwar,Nangarhar,281,395,5,6.396670467696502e-4,3.8396553816062826e-4,FALSE
310,Shahidi Hasas,Uruzgan,8,7,7,0.022390943120545386,3.826434846063959e-4,FALSE
258,Ziluk,Paktika,64,121,5,0.0027104353746175603,3.705535513928253e-4,FALSE
311,Tirin Kot,Uruzgan,1129,5400,4,1.509569818345522e-4,3.640651390850338e-4,FALSE
62,Lash Wa Juwayn,Farah,35,91,5,0.004423837822825979,3.307494958794671e-4,FALSE
226,Muhmand Dara,Nangarhar,293,724,4,5.058993629774807e-4,3.1663848727716745e-4,FALSE
280,Shekh Ali,Parwan,18,11,5,0.007880279431716588,3.030024024302498e-4,FALSE
50,Waras,Bamyan,2,0,5,0.0670053929122751,2.8626727437675194e-4,FALSE
275,Chaharikar,Parwan,283,315,5,4.641272281202688e-4,2.8057917364315e-4,FALSE
150,Qarabagh,Kabul,97,60,6,0.0013189359242185262,2.73292290681738e-4,FALSE
192,Nali,Kunar,106,72,3,0.0010331425788713889,2.3393654680324536e-4,FALSE
97,Saghar,Ghor,25,96,6,0.004305731703933493,2.2994232730944923e-4,FALSE
148,Musayi,Kabul,113,64,4,9.286461331196425e-4,2.2416130552542843e-4,FALSE
156,Ghorak,Kandahar,37,200,6,0.0028079065197872243,2.2193015602141902e-4,FALSE
119,Guzara,Hirat,107,389,5,9.705335902840042e-4,2.2183307421360008e-4,FALSE
11,Shighnan,Badakhshan,10,24,6,0.010321029909871788,2.2047278380473947e-4,FALSE
190,Khas Kunar,Kunar,24,16,4,0.004189977530679072,2.1481019278152998e-4,FALSE
252,Sarobi,Paktika,67,260,4,0.0014042979821533073,2.009861002638815e-4,FALSE
285,Hazrati Sultan,Samangan,42,199,4,0.002218470422217642,1.9903748821513458e-4,FALSE
277,Jabalussaraj,Parwan,110,142,5,7.623299212690209e-4,1.791297007433132e-4,FALSE
179,Qalandar,Khost,72,18,4,0.001126138223833829,1.732032932318771e-4,FALSE
249,Nika,Paktika,14,89,5,0.0047367630778523215,1.4165817670949975e-4,FALSE
300,Kalafgan,Takhar,21,33,5,0.0030550374097414778,1.370464456835928e-4,FALSE
183,Tere Zayi,Khost,149,81,3,4.1382786679398296e-4,1.317158230148737e-4,FALSE
65,Qala-I-Kah,Farah,8,16,6,0.007404107273858661,1.265303293575529e-4,FALSE
133,Khamyab,Jawzjan,30,160,4,0.0019561627490817107,1.25359770477751e-4,FALSE
215,Chaparhar,Nangarhar,210,731,4,2.7901560094861994e-4,1.2516408564540563e-4,FALSE
293,Sozma Qala,Sari Pul,51,201,5,0.0011217047776163433,1.222026699997462e-4,FALSE
15,Ghormach,Badghis,165,738,3,3.437599571985429e-4,1.2116332419040421e-4,FALSE
182,Tani,Khost,21,32,4,0.002425320586907423,1.0879787102411759e-4,FALSE
99,Taywara,Ghor,68,233,4,7.252040424175277e-4,1.0534188323164705e-4,FALSE
176,Mando Zayi,Khost,67,56,4,7.229048869618241e-4,1.0346367789361201e-4,FALSE
134,Khwaja Du Koh,Jawzjan,9,13,6,0.005234711324057683,1.0063920454612607e-4,FALSE
246,Gayan,Paktika,32,158,4,0.0014671557810971524,1.0029012132576197e-4,FALSE
162,Reg,Kandahar,6,73,5,0.007273889336333985,9.322875595207443e-5,FALSE
4,Ishkashim,Badakhshan,18,188,4,0.0023422217972481098,9.006010989080859e-5,FALSE
159,Maruf,Kandahar,208,800,3,2.0218143468521906e-4,8.983313543911568e-5,FALSE
191,Marwara,Kunar,167,117,3,2.1674751837909582e-4,7.732190655948894e-5,FALSE
10,Shahri Buzurg,Badakhshan,28,49,4,0.001094924338327365,6.548986421868309e-5,FALSE
167,Kohband,Kapisa,32,29,5,9.362712582936405e-4,6.400053716032437e-5,FALSE
125,Kushki Kuhna,Hirat,78,145,4,3.49799470606546e-4,5.828351018316713e-5,FALSE
222,Kama,Nangarhar,53,52,4,4.444799385410311e-4,5.032224209517917e-5,FALSE
100,Tulak,Ghor,27,69,5,8.60385970429087e-4,4.9623687519512156e-5,FALSE
57,Bakwa,Farah,59,385,4,3.9265750836962247e-4,4.948776805973207e-5,FALSE
217,Dih Bala,Nangarhar,440,2557,3,5.1147079345424596e-5,4.80734693020515e-5,FALSE
142,Gul dara,Kabul,4,2,6,0.005448562406753023,4.655580817188477e-5,FALSE
225,Lal Pur,Nangarhar,12,50,3,0.0016775670399524554,4.3002438153615114e-5,FALSE
143,Istalif,Kabul,15,7,4,0.0010797400358205783,3.459731638628919e-5,FALSE
321,Atghar,Zabul,59,265,3,2.6428568201777543e-4,3.3308693338144784e-5,FALSE
188,Dangam,Kunar,71,168,4,2.1448270871358605e-4,3.2529889167566114e-5,FALSE
294,Bangi,Takhar,28,101,5,4.331418425438356e-4,2.59071786631022e-5,FALSE
234,Char Burjak,Nimroz,15,23,4,6.29487571513348e-4,2.0170207596621078e-5,FALSE
147,Mirbacha Kot,Kabul,15,17,4,4.954356622286385e-4,1.5874880792160613e-5,FALSE
110,Nawa-i-Barak Zayi,Hilmand,713,1758,4,1.0006066177620183e-5,1.5239995889577707e-5,FALSE
216,Dara-I-Nur,Nangarhar,19,54,4,3.67372006380993e-4,1.4910479509068373e-5,FALSE
71,Khan Char Bagh,Faryab,9,39,4,7.591014808483939e-4,1.4593998498307044e-5,FALSE
250,Omna,Paktika,33,127,4,1.466517686517148e-4,1.0337920642677573e-5,FALSE
248,Mata Khan,Paktika,85,200,4,4.895325433401642e-5,8.888581178947177e-6,FALSE
14,Ab Kamari,Badghis,33,108,3,1.10844490807856e-4,7.81375881235388e-6,FALSE
118,Gulran,Hirat,83,172,3,4.2213091686835144e-5,7.484403661584775e-6,FALSE
295,Chah Ab,Takhar,71,174,3,4.0649643846581996e-5,6.1651981969145445e-6,FALSE
237,Zaranj,Nimroz,174,436,3,1.5634478402531535e-5,5.811183565889115e-6,FALSE
145,Kalakan,Kabul,14,12,4,1.8669265939081972e-4,5.583251959129486e-6,FALSE
235,Kang,Nimroz,21,59,3,1.117377376734612e-4,5.0124622854190765e-6,FALSE
218,Dur Baba,Nangarhar,87,439,4,2.5015165444050458e-5,4.648946852711292e-6,FALSE
193,Narang Wa Badil,Kunar,31,65,4,3.413026143534456e-5,2.260129156747599e-6,FALSE
123,Kuhsan,Hirat,103,214,3,9.38068704151892e-6,2.063972094091651e-6,FALSE
173,Gurbuz,Khost,34,27,3,2.0609085166973384e-5,1.496820009395681e-6,FALSE
6,Khwahan,Badakhshan,16,45,3,2.0324821923290998e-5,6.946702193706529e-7,FALSE
2,Darwaz,Badakhshan,73,341,2,0,0,FALSE
12,Wakhan,Badakhshan,7,7,2,0,0,FALSE
42,Marmul,Balkh,0,0,4,4.260422693017866e-4,0,FALSE
43,Mazar-i-Sharif,Balkh,391,809,2,0,0,FALSE
66,Shib Koh,Farah,80,240,2,0,0,FALSE
68,Andkhoy,Faryab,92,348,2,0,0,FALSE
102,Disho,Hilmand,0,0,3,0.0013293798421335097,0,FALSE
120,Hirat City,Hirat,612,1262,1,0,0,FALSE
164,Shorabak,Kandahar,76,316,3,0,0,FALSE
174,Jaji Maydan,Khost,47,58,3,0,0,FALSE
208,Baraki Barak,Logar,281,690,3,0,0,FALSE
227,Nazyan,Nangarhar,94,382,3,0,0,FALSE
256,Wolmamay,Paktika,27,131,2,0,0,FALSE
268,Shamul,Paktya,20,29,3,0,0,FALSE
269,Shwak,Paktya,6,18,3,0,0,FALSE
297,Darqad,Takhar,94,481,1,0,0,FALSE
